{"data":[{"Properties":{"domain":"SEQUEL.HTB","name":"ADMINISTRATOR@SEQUEL.HTB","distinguishedname":"CN=ADMINISTRATOR,CN=USERS,DC=SEQUEL,DC=HTB","domainsid":"S-1-5-21-548670397-972687484-3496335370","samaccountname":"Administrator","doesanyacegrantownerrights":false,"doesanyinheritedacegrantownerrights":false,"isaclprotected":true,"description":"Built-in account for administering the computer/domain","whencreated":1717864790,"sensitive":false,"dontreqpreauth":false,"passwordnotreqd":false,"unconstraineddelegation":false,"pwdneverexpires":true,"enabled":true,"trustedtoauth":false,"smartcardrequired":false,"encryptedtextpwdallowed":false,"usedeskeyonly":false,"logonscriptenabled":false,"lockedout":false,"passwordcantchange":false,"passwordexpired":false,"lastlogon":1745334176,"lastlogontimestamp":1745333884,"pwdlastset":1717864340,"serviceprincipalnames":[],"hasspn":false,"displayname":null,"email":null,"title":null,"homedirectory":null,"userpassword":null,"unixpassword":null,"unicodepassword":null,"sfupassword":null,"logonscript":null,"useraccountcontrol":66048,"profilepath":null,"admincount":true,"supportedencryptiontypes":null,"sidhistory":[]},"AllowedToDelegate":[],"PrimaryGroupSID":"S-1-5-21-548670397-972687484-3496335370-513","HasSIDHistory":[],"SPNTargets":[],"UnconstrainedDelegation":false,"DomainSID":"S-1-5-21-548670397-972687484-3496335370","Aces":[{"PrincipalSID":"S-1-5-21-548670397-972687484-3496335370-512","PrincipalType":"Group","RightName":"Owns","IsInherited":false,"InheritanceHash":""},{"PrincipalSID":"SEQUEL.HTB-S-1-5-32-544","PrincipalType":"Group","RightName":"WriteDacl","IsInherited":false,"InheritanceHash":""},{"PrincipalSID":"SEQUEL.HTB-S-1-5-32-544","PrincipalType":"Group","RightName":"WriteOwner","IsInherited":false,"InheritanceHash":""},{"PrincipalSID":"SEQUEL.HTB-S-1-5-32-544","PrincipalType":"Group","RightName":"AllExtendedRights","IsInherited":false,"InheritanceHash":""},{"PrincipalSID":"SEQUEL.HTB-S-1-5-32-544","PrincipalType":"Group","RightName":"GenericWrite","IsInherited":false,"InheritanceHash":""},{"PrincipalSID":"S-1-5-21-548670397-972687484-3496335370-512","PrincipalType":"Group","RightName":"WriteDacl","IsInherited":false,"InheritanceHash":""},{"PrincipalSID":"S-1-5-21-548670397-972687484-3496335370-512","PrincipalType":"Group","RightName":"WriteOwner","IsInherited":false,"InheritanceHash":""},{"PrincipalSID":"S-1-5-21-548670397-972687484-3496335370-512","PrincipalType":"Group","RightName":"AllExtendedRights","IsInherited":false,"InheritanceHash":""},{"PrincipalSID":"S-1-5-21-548670397-972687484-3496335370-512","PrincipalType":"Group","RightName":"GenericWrite","IsInherited":false,"InheritanceHash":""},{"PrincipalSID":"S-1-5-21-548670397-972687484-3496335370-519","PrincipalType":"Group","RightName":"WriteDacl","IsInherited":false,"InheritanceHash":""},{"PrincipalSID":"S-1-5-21-548670397-972687484-3496335370-519","PrincipalType":"Group","RightName":"WriteOwner","IsInherited":false,"InheritanceHash":""},{"PrincipalSID":"S-1-5-21-548670397-972687484-3496335370-519","PrincipalType":"Group","RightName":"AllExtendedRights","IsInherited":false,"InheritanceHash":""},{"PrincipalSID":"S-1-5-21-548670397-972687484-3496335370-519","PrincipalType":"Group","RightName":"GenericWrite","IsInherited":false,"InheritanceHash":""}],"ObjectIdentifier":"S-1-5-21-548670397-972687484-3496335370-500","IsDeleted":false,"IsACLProtected":true,"ContainedBy":{"ObjectIdentifier":"A84DA237-44F0-48C1-8E80-67059AFAF147","ObjectType":"Container"}},{"Properties":{"domain":"SEQUEL.HTB","name":"KRBTGT@SEQUEL.HTB","distinguishedname":"CN=KRBTGT,CN=USERS,DC=SEQUEL,DC=HTB","domainsid":"S-1-5-21-548670397-972687484-3496335370","samaccountname":"krbtgt","doesanyacegrantownerrights":false,"doesanyinheritedacegrantownerrights":false,"isaclprotected":true,"description":"Key Distribution Center Service Account","whencreated":1717864823,"sensitive":false,"dontreqpreauth":false,"passwordnotreqd":false,"unconstraineddelegation":false,"pwdneverexpires":false,"enabled":false,"trustedtoauth":false,"smartcardrequired":false,"encryptedtextpwdallowed":false,"usedeskeyonly":false,"logonscriptenabled":false,"lockedout":false,"passwordcantchange":false,"passwordexpired":false,"lastlogon":0,"lastlogontimestamp":-1,"pwdlastset":1717864823,"serviceprincipalnames":["kadmin/changepw"],"hasspn":true,"displayname":null,"email":null,"title":null,"homedirectory":null,"userpassword":null,"unixpassword":null,"unicodepassword":null,"sfupassword":null,"logonscript":null,"useraccountcontrol":514,"profilepath":null,"admincount":true,"supportedencryptiontypes":["Not defined"],"sidhistory":[]},"AllowedToDelegate":[],"PrimaryGroupSID":"S-1-5-21-548670397-972687484-3496335370-513","HasSIDHistory":[],"SPNTargets":[],"UnconstrainedDelegation":false,"DomainSID":"S-1-5-21-548670397-972687484-3496335370","Aces":[{"PrincipalSID":"S-1-5-21-548670397-972687484-3496335370-512","PrincipalType":"Group","RightName":"Owns","IsInherited":false,"InheritanceHash":""},{"PrincipalSID":"SEQUEL.HTB-S-1-5-32-544","PrincipalType":"Group","RightName":"WriteDacl","IsInherited":false,"InheritanceHash":""},{"PrincipalSID":"SEQUEL.HTB-S-1-5-32-544","PrincipalType":"Group","RightName":"WriteOwner","IsInherited":false,"InheritanceHash":""},{"PrincipalSID":"SEQUEL.HTB-S-1-5-32-544","PrincipalType":"Group","RightName":"AllExtendedRights","IsInherited":false,"InheritanceHash":""},{"PrincipalSID":"SEQUEL.HTB-S-1-5-32-544","PrincipalType":"Group","RightName":"GenericWrite","IsInherited":false,"InheritanceHash":""},{"PrincipalSID":"S-1-5-21-548670397-972687484-3496335370-512","PrincipalType":"Group","RightName":"WriteDacl","IsInherited":false,"InheritanceHash":""},{"PrincipalSID":"S-1-5-21-548670397-972687484-3496335370-512","PrincipalType":"Group","RightName":"WriteOwner","IsInherited":false,"InheritanceHash":""},{"PrincipalSID":"S-1-5-21-548670397-972687484-3496335370-512","PrincipalType":"Group","RightName":"AllExtendedRights","IsInherited":false,"InheritanceHash":""},{"PrincipalSID":"S-1-5-21-548670397-972687484-3496335370-512","PrincipalType":"Group","RightName":"GenericWrite","IsInherited":false,"InheritanceHash":""},{"PrincipalSID":"S-1-5-21-548670397-972687484-3496335370-519","PrincipalType":"Group","RightName":"WriteDacl","IsInherited":false,"InheritanceHash":""},{"PrincipalSID":"S-1-5-21-548670397-972687484-3496335370-519","PrincipalType":"Group","RightName":"WriteOwner","IsInherited":false,"InheritanceHash":""},{"PrincipalSID":"S-1-5-21-548670397-972687484-3496335370-519","PrincipalType":"Group","RightName":"AllExtendedRights","IsInherited":false,"InheritanceHash":""},{"PrincipalSID":"S-1-5-21-548670397-972687484-3496335370-519","PrincipalType":"Group","RightName":"GenericWrite","IsInherited":false,"InheritanceHash":""}],"ObjectIdentifier":"S-1-5-21-548670397-972687484-3496335370-502","IsDeleted":false,"IsACLProtected":true,"ContainedBy":{"ObjectIdentifier":"A84DA237-44F0-48C1-8E80-67059AFAF147","ObjectType":"Container"}},{"Properties":{"domain":"SEQUEL.HTB","name":"MICHAEL@SEQUEL.HTB","distinguishedname":"CN=MICAEL SCOTT,CN=USERS,DC=SEQUEL,DC=HTB","domainsid":"S-1-5-21-548670397-972687484-3496335370","samaccountname":"michael","doesanyacegrantownerrights":false,"doesanyinheritedacegrantownerrights":false,"isaclprotected":false,"whencreated":1717865257,"sensitive":false,"dontreqpreauth":false,"passwordnotreqd":false,"unconstraineddelegation":false,"pwdneverexpires":true,"enabled":true,"trustedtoauth":false,"smartcardrequired":false,"encryptedtextpwdallowed":false,"usedeskeyonly":false,"logonscriptenabled":false,"lockedout":false,"passwordcantchange":false,"passwordexpired":false,"lastlogon":0,"lastlogontimestamp":-1,"pwdlastset":1717865257,"serviceprincipalnames":[],"hasspn":false,"displayname":"Micael Scott","email":null,"title":null,"homedirectory":null,"userpassword":null,"unixpassword":null,"unicodepassword":null,"sfupassword":null,"logonscript":null,"useraccountcontrol":66048,"profilepath":null,"admincount":false,"supportedencryptiontypes":null,"sidhistory":[]},"AllowedToDelegate":[],"PrimaryGroupSID":"S-1-5-21-548670397-972687484-3496335370-513","HasSIDHistory":[],"SPNTargets":[],"UnconstrainedDelegation":false,"DomainSID":"S-1-5-21-548670397-972687484-3496335370","Aces":[{"PrincipalSID":"S-1-5-21-548670397-972687484-3496335370-512","PrincipalType":"Group","RightName":"Owns","IsInherited":false,"InheritanceHash":""},{"PrincipalSID":"SEQUEL.HTB-S-1-5-32-548","PrincipalType":"Group","RightName":"GenericAll","IsInherited":false,"InheritanceHash":""},{"PrincipalSID":"S-1-5-21-548670397-972687484-3496335370-512","PrincipalType":"Group","RightName":"GenericAll","IsInherited":false,"InheritanceHash":""},{"PrincipalSID":"S-1-5-21-548670397-972687484-3496335370-526","PrincipalType":"Group","RightName":"AddKeyCredentialLink","IsInherited":true,"InheritanceHash":"72082592E26B0179A07B8183F77CF58D0C1320B6"},{"PrincipalSID":"S-1-5-21-548670397-972687484-3496335370-527","PrincipalType":"Group","RightName":"AddKeyCredentialLink","IsInherited":true,"InheritanceHash":"3D3C025072521D8DF78AE2FB481640A11BC413C4"},{"PrincipalSID":"S-1-5-21-548670397-972687484-3496335370-519","PrincipalType":"Group","RightName":"GenericAll","IsInherited":true,"InheritanceHash":"050CB1A345F9C151BB199BA2E3875533F46A63D6"},{"PrincipalSID":"SEQUEL.HTB-S-1-5-32-544","PrincipalType":"Group","RightName":"WriteDacl","IsInherited":true,"InheritanceHash":"62C26D4FB3FF64505B03CDD35D648DFBC6C157CC"},{"PrincipalSID":"SEQUEL.HTB-S-1-5-32-544","PrincipalType":"Group","RightName":"WriteOwner","IsInherited":true,"InheritanceHash":"62C26D4FB3FF64505B03CDD35D648DFBC6C157CC"},{"PrincipalSID":"SEQUEL.HTB-S-1-5-32-544","PrincipalType":"Group","RightName":"AllExtendedRights","IsInherited":true,"InheritanceHash":"62C26D4FB3FF64505B03CDD35D648DFBC6C157CC"},{"PrincipalSID":"SEQUEL.HTB-S-1-5-32-544","PrincipalType":"Group","RightName":"GenericWrite","IsInherited":true,"InheritanceHash":"62C26D4FB3FF64505B03CDD35D648DFBC6C157CC"}],"ObjectIdentifier":"S-1-5-21-548670397-972687484-3496335370-1103","IsDeleted":false,"IsACLProtected":false,"ContainedBy":{"ObjectIdentifier":"A84DA237-44F0-48C1-8E80-67059AFAF147","ObjectType":"Container"}},{"Properties":{"domain":"SEQUEL.HTB","name":"RYAN@SEQUEL.HTB","distinguishedname":"CN=RYAN HOWARD,CN=USERS,DC=SEQUEL,DC=HTB","domainsid":"S-1-5-21-548670397-972687484-3496335370","samaccountname":"ryan","doesanyacegrantownerrights":false,"doesanyinheritedacegrantownerrights":false,"isaclprotected":false,"whencreated":1717865745,"sensitive":false,"dontreqpreauth":false,"passwordnotreqd":false,"unconstraineddelegation":false,"pwdneverexpires":true,"enabled":true,"trustedtoauth":false,"smartcardrequired":false,"encryptedtextpwdallowed":false,"usedeskeyonly":false,"logonscriptenabled":false,"lockedout":false,"passwordcantchange":false,"passwordexpired":false,"lastlogon":1745338213,"lastlogontimestamp":1745336264,"pwdlastset":1717865745,"serviceprincipalnames":[],"hasspn":false,"displayname":"Ryan Howard","email":null,"title":null,"homedirectory":null,"userpassword":null,"unixpassword":null,"unicodepassword":null,"sfupassword":null,"logonscript":null,"useraccountcontrol":66048,"profilepath":null,"admincount":false,"supportedencryptiontypes":null,"sidhistory":[]},"AllowedToDelegate":[],"PrimaryGroupSID":"S-1-5-21-548670397-972687484-3496335370-513","HasSIDHistory":[],"SPNTargets":[],"UnconstrainedDelegation":false,"DomainSID":"S-1-5-21-548670397-972687484-3496335370","Aces":[{"PrincipalSID":"S-1-5-21-548670397-972687484-3496335370-512","PrincipalType":"Group","RightName":"Owns","IsInherited":false,"InheritanceHash":""},{"PrincipalSID":"SEQUEL.HTB-S-1-5-32-548","PrincipalType":"Group","RightName":"GenericAll","IsInherited":false,"InheritanceHash":""},{"PrincipalSID":"S-1-5-21-548670397-972687484-3496335370-512","PrincipalType":"Group","RightName":"GenericAll","IsInherited":false,"InheritanceHash":""},{"PrincipalSID":"S-1-5-21-548670397-972687484-3496335370-526","PrincipalType":"Group","RightName":"AddKeyCredentialLink","IsInherited":true,"InheritanceHash":"72082592E26B0179A07B8183F77CF58D0C1320B6"},{"PrincipalSID":"S-1-5-21-548670397-972687484-3496335370-527","PrincipalType":"Group","RightName":"AddKeyCredentialLink","IsInherited":true,"InheritanceHash":"3D3C025072521D8DF78AE2FB481640A11BC413C4"},{"PrincipalSID":"S-1-5-21-548670397-972687484-3496335370-519","PrincipalType":"Group","RightName":"GenericAll","IsInherited":true,"InheritanceHash":"050CB1A345F9C151BB199BA2E3875533F46A63D6"},{"PrincipalSID":"SEQUEL.HTB-S-1-5-32-544","PrincipalType":"Group","RightName":"WriteDacl","IsInherited":true,"InheritanceHash":"62C26D4FB3FF64505B03CDD35D648DFBC6C157CC"},{"PrincipalSID":"SEQUEL.HTB-S-1-5-32-544","PrincipalType":"Group","RightName":"WriteOwner","IsInherited":true,"InheritanceHash":"62C26D4FB3FF64505B03CDD35D648DFBC6C157CC"},{"PrincipalSID":"SEQUEL.HTB-S-1-5-32-544","PrincipalType":"Group","RightName":"AllExtendedRights","IsInherited":true,"InheritanceHash":"62C26D4FB3FF64505B03CDD35D648DFBC6C157CC"},{"PrincipalSID":"SEQUEL.HTB-S-1-5-32-544","PrincipalType":"Group","RightName":"GenericWrite","IsInherited":true,"InheritanceHash":"62C26D4FB3FF64505B03CDD35D648DFBC6C157CC"}],"ObjectIdentifier":"S-1-5-21-548670397-972687484-3496335370-1114","IsDeleted":false,"IsACLProtected":false,"ContainedBy":{"ObjectIdentifier":"A84DA237-44F0-48C1-8E80-67059AFAF147","ObjectType":"Container"}},{"Properties":{"domain":"SEQUEL.HTB","name":"OSCAR@SEQUEL.HTB","distinguishedname":"CN=OSCAR MARTINEZ,CN=USERS,DC=SEQUEL,DC=HTB","domainsid":"S-1-5-21-548670397-972687484-3496335370","samaccountname":"oscar","doesanyacegrantownerrights":false,"doesanyinheritedacegrantownerrights":false,"isaclprotected":false,"whencreated":1717865796,"sensitive":false,"dontreqpreauth":false,"passwordnotreqd":false,"unconstraineddelegation":false,"pwdneverexpires":true,"enabled":true,"trustedtoauth":false,"smartcardrequired":false,"encryptedtextpwdallowed":false,"usedeskeyonly":false,"logonscriptenabled":false,"lockedout":false,"passwordcantchange":false,"passwordexpired":false,"lastlogon":1717945568,"lastlogontimestamp":1745343531,"pwdlastset":1717865796,"serviceprincipalnames":[],"hasspn":false,"displayname":"Oscar Martinez","email":null,"title":null,"homedirectory":null,"userpassword":null,"unixpassword":null,"unicodepassword":null,"sfupassword":null,"logonscript":null,"useraccountcontrol":66048,"profilepath":null,"admincount":false,"supportedencryptiontypes":null,"sidhistory":[]},"AllowedToDelegate":[],"PrimaryGroupSID":"S-1-5-21-548670397-972687484-3496335370-513","HasSIDHistory":[],"SPNTargets":[],"UnconstrainedDelegation":false,"DomainSID":"S-1-5-21-548670397-972687484-3496335370","Aces":[{"PrincipalSID":"S-1-5-21-548670397-972687484-3496335370-512","PrincipalType":"Group","RightName":"Owns","IsInherited":false,"InheritanceHash":""},{"PrincipalSID":"SEQUEL.HTB-S-1-5-32-548","PrincipalType":"Group","RightName":"GenericAll","IsInherited":false,"InheritanceHash":""},{"PrincipalSID":"S-1-5-21-548670397-972687484-3496335370-512","PrincipalType":"Group","RightName":"GenericAll","IsInherited":false,"InheritanceHash":""},{"PrincipalSID":"S-1-5-21-548670397-972687484-3496335370-526","PrincipalType":"Group","RightName":"AddKeyCredentialLink","IsInherited":true,"InheritanceHash":"72082592E26B0179A07B8183F77CF58D0C1320B6"},{"PrincipalSID":"S-1-5-21-548670397-972687484-3496335370-527","PrincipalType":"Group","RightName":"AddKeyCredentialLink","IsInherited":true,"InheritanceHash":"3D3C025072521D8DF78AE2FB481640A11BC413C4"},{"PrincipalSID":"S-1-5-21-548670397-972687484-3496335370-519","PrincipalType":"Group","RightName":"GenericAll","IsInherited":true,"InheritanceHash":"050CB1A345F9C151BB199BA2E3875533F46A63D6"},{"PrincipalSID":"SEQUEL.HTB-S-1-5-32-544","PrincipalType":"Group","RightName":"WriteDacl","IsInherited":true,"InheritanceHash":"62C26D4FB3FF64505B03CDD35D648DFBC6C157CC"},{"PrincipalSID":"SEQUEL.HTB-S-1-5-32-544","PrincipalType":"Group","RightName":"WriteOwner","IsInherited":true,"InheritanceHash":"62C26D4FB3FF64505B03CDD35D648DFBC6C157CC"},{"PrincipalSID":"SEQUEL.HTB-S-1-5-32-544","PrincipalType":"Group","RightName":"AllExtendedRights","IsInherited":true,"InheritanceHash":"62C26D4FB3FF64505B03CDD35D648DFBC6C157CC"},{"PrincipalSID":"SEQUEL.HTB-S-1-5-32-544","PrincipalType":"Group","RightName":"GenericWrite","IsInherited":true,"InheritanceHash":"62C26D4FB3FF64505B03CDD35D648DFBC6C157CC"}],"ObjectIdentifier":"S-1-5-21-548670397-972687484-3496335370-1116","IsDeleted":false,"IsACLProtected":false,"ContainedBy":{"ObjectIdentifier":"A84DA237-44F0-48C1-8E80-67059AFAF147","ObjectType":"Container"}},{"Properties":{"domain":"SEQUEL.HTB","name":"SQL_SVC@SEQUEL.HTB","distinguishedname":"CN=SQL SERVICE,CN=USERS,DC=SEQUEL,DC=HTB","domainsid":"S-1-5-21-548670397-972687484-3496335370","samaccountname":"sql_svc","doesanyacegrantownerrights":false,"doesanyinheritedacegrantownerrights":false,"isaclprotected":false,"whencreated":1717870453,"sensitive":false,"dontreqpreauth":false,"passwordnotreqd":false,"unconstraineddelegation":false,"pwdneverexpires":true,"enabled":true,"trustedtoauth":false,"smartcardrequired":false,"encryptedtextpwdallowed":false,"usedeskeyonly":false,"logonscriptenabled":false,"lockedout":false,"passwordcantchange":false,"passwordexpired":false,"lastlogon":1745333911,"lastlogontimestamp":1745333911,"pwdlastset":1717919922,"serviceprincipalnames":["sequel.htb/sql_svc.DC01"],"hasspn":true,"displayname":"SQL Service","email":null,"title":null,"homedirectory":null,"userpassword":null,"unixpassword":null,"unicodepassword":null,"sfupassword":null,"logonscript":null,"useraccountcontrol":66048,"profilepath":null,"admincount":false,"supportedencryptiontypes":null,"sidhistory":[]},"AllowedToDelegate":[],"PrimaryGroupSID":"S-1-5-21-548670397-972687484-3496335370-513","HasSIDHistory":[],"SPNTargets":[],"UnconstrainedDelegation":false,"DomainSID":"S-1-5-21-548670397-972687484-3496335370","Aces":[{"PrincipalSID":"S-1-5-21-548670397-972687484-3496335370-512","PrincipalType":"Group","RightName":"Owns","IsInherited":false,"InheritanceHash":""},{"PrincipalSID":"SEQUEL.HTB-S-1-5-32-548","PrincipalType":"Group","RightName":"GenericAll","IsInherited":false,"InheritanceHash":""},{"PrincipalSID":"S-1-5-21-548670397-972687484-3496335370-512","PrincipalType":"Group","RightName":"GenericAll","IsInherited":false,"InheritanceHash":""},{"PrincipalSID":"S-1-5-21-548670397-972687484-3496335370-526","PrincipalType":"Group","RightName":"AddKeyCredentialLink","IsInherited":true,"InheritanceHash":"72082592E26B0179A07B8183F77CF58D0C1320B6"},{"PrincipalSID":"S-1-5-21-548670397-972687484-3496335370-527","PrincipalType":"Group","RightName":"AddKeyCredentialLink","IsInherited":true,"InheritanceHash":"3D3C025072521D8DF78AE2FB481640A11BC413C4"},{"PrincipalSID":"S-1-5-21-548670397-972687484-3496335370-519","PrincipalType":"Group","RightName":"GenericAll","IsInherited":true,"InheritanceHash":"050CB1A345F9C151BB199BA2E3875533F46A63D6"},{"PrincipalSID":"SEQUEL.HTB-S-1-5-32-544","PrincipalType":"Group","RightName":"WriteDacl","IsInherited":true,"InheritanceHash":"62C26D4FB3FF64505B03CDD35D648DFBC6C157CC"},{"PrincipalSID":"SEQUEL.HTB-S-1-5-32-544","PrincipalType":"Group","RightName":"WriteOwner","IsInherited":true,"InheritanceHash":"62C26D4FB3FF64505B03CDD35D648DFBC6C157CC"},{"PrincipalSID":"SEQUEL.HTB-S-1-5-32-544","PrincipalType":"Group","RightName":"AllExtendedRights","IsInherited":true,"InheritanceHash":"62C26D4FB3FF64505B03CDD35D648DFBC6C157CC"},{"PrincipalSID":"SEQUEL.HTB-S-1-5-32-544","PrincipalType":"Group","RightName":"GenericWrite","IsInherited":true,"InheritanceHash":"62C26D4FB3FF64505B03CDD35D648DFBC6C157CC"}],"ObjectIdentifier":"S-1-5-21-548670397-972687484-3496335370-1122","IsDeleted":false,"IsACLProtected":false,"ContainedBy":{"ObjectIdentifier":"A84DA237-44F0-48C1-8E80-67059AFAF147","ObjectType":"Container"}},{"Properties":{"domain":"SEQUEL.HTB","name":"ROSE@SEQUEL.HTB","distinguishedname":"CN=ROSE FOX,CN=USERS,DC=SEQUEL,DC=HTB","domainsid":"S-1-5-21-548670397-972687484-3496335370","samaccountname":"rose","doesanyacegrantownerrights":false,"doesanyinheritedacegrantownerrights":false,"isaclprotected":false,"whencreated":1717924895,"sensitive":false,"dontreqpreauth":false,"passwordnotreqd":false,"unconstraineddelegation":false,"pwdneverexpires":true,"enabled":true,"trustedtoauth":false,"smartcardrequired":false,"encryptedtextpwdallowed":false,"usedeskeyonly":false,"logonscriptenabled":false,"lockedout":false,"passwordcantchange":false,"passwordexpired":false,"lastlogon":1745343392,"lastlogontimestamp":1745334086,"pwdlastset":1735137894,"serviceprincipalnames":[],"hasspn":false,"displayname":"Rose Fox","email":null,"title":null,"homedirectory":null,"userpassword":null,"unixpassword":null,"unicodepassword":null,"sfupassword":null,"logonscript":null,"useraccountcontrol":66048,"profilepath":null,"admincount":false,"supportedencryptiontypes":["Not defined"],"sidhistory":[]},"AllowedToDelegate":[],"PrimaryGroupSID":"S-1-5-21-548670397-972687484-3496335370-513","HasSIDHistory":[],"SPNTargets":[],"UnconstrainedDelegation":false,"DomainSID":"S-1-5-21-548670397-972687484-3496335370","Aces":[{"PrincipalSID":"S-1-5-21-548670397-972687484-3496335370-512","PrincipalType":"Group","RightName":"Owns","IsInherited":false,"InheritanceHash":""},{"PrincipalSID":"SEQUEL.HTB-S-1-5-32-548","PrincipalType":"Group","RightName":"GenericAll","IsInherited":false,"InheritanceHash":""},{"PrincipalSID":"S-1-5-21-548670397-972687484-3496335370-512","PrincipalType":"Group","RightName":"GenericAll","IsInherited":false,"InheritanceHash":""},{"PrincipalSID":"S-1-5-21-548670397-972687484-3496335370-526","PrincipalType":"Group","RightName":"AddKeyCredentialLink","IsInherited":true,"InheritanceHash":"72082592E26B0179A07B8183F77CF58D0C1320B6"},{"PrincipalSID":"S-1-5-21-548670397-972687484-3496335370-527","PrincipalType":"Group","RightName":"AddKeyCredentialLink","IsInherited":true,"InheritanceHash":"3D3C025072521D8DF78AE2FB481640A11BC413C4"},{"PrincipalSID":"S-1-5-21-548670397-972687484-3496335370-519","PrincipalType":"Group","RightName":"GenericAll","IsInherited":true,"InheritanceHash":"050CB1A345F9C151BB199BA2E3875533F46A63D6"},{"PrincipalSID":"SEQUEL.HTB-S-1-5-32-544","PrincipalType":"Group","RightName":"WriteDacl","IsInherited":true,"InheritanceHash":"62C26D4FB3FF64505B03CDD35D648DFBC6C157CC"},{"PrincipalSID":"SEQUEL.HTB-S-1-5-32-544","PrincipalType":"Group","RightName":"WriteOwner","IsInherited":true,"InheritanceHash":"62C26D4FB3FF64505B03CDD35D648DFBC6C157CC"},{"PrincipalSID":"SEQUEL.HTB-S-1-5-32-544","PrincipalType":"Group","RightName":"AllExtendedRights","IsInherited":true,"InheritanceHash":"62C26D4FB3FF64505B03CDD35D648DFBC6C157CC"},{"PrincipalSID":"SEQUEL.HTB-S-1-5-32-544","PrincipalType":"Group","RightName":"GenericWrite","IsInherited":true,"InheritanceHash":"62C26D4FB3FF64505B03CDD35D648DFBC6C157CC"}],"ObjectIdentifier":"S-1-5-21-548670397-972687484-3496335370-1601","IsDeleted":false,"IsACLProtected":false,"ContainedBy":{"ObjectIdentifier":"A84DA237-44F0-48C1-8E80-67059AFAF147","ObjectType":"Container"}},{"Properties":{"domain":"SEQUEL.HTB","name":"CA_SVC@SEQUEL.HTB","distinguishedname":"CN=CERTIFICATION AUTHORITY,CN=USERS,DC=SEQUEL,DC=HTB","domainsid":"S-1-5-21-548670397-972687484-3496335370","samaccountname":"ca_svc","doesanyacegrantownerrights":false,"doesanyinheritedacegrantownerrights":false,"isaclprotected":false,"whencreated":1717953227,"sensitive":false,"dontreqpreauth":false,"passwordnotreqd":false,"unconstraineddelegation":false,"pwdneverexpires":true,"enabled":true,"trustedtoauth":false,"smartcardrequired":false,"encryptedtextpwdallowed":false,"usedeskeyonly":false,"logonscriptenabled":false,"lockedout":false,"passwordcantchange":false,"passwordexpired":false,"lastlogon":1745336858,"lastlogontimestamp":1745333896,"pwdlastset":1745345249,"serviceprincipalnames":["sequel.htb/ca_svc.DC01"],"hasspn":true,"displayname":"Certification Authority","email":null,"title":null,"homedirectory":null,"userpassword":null,"unixpassword":null,"unicodepassword":null,"sfupassword":null,"logonscript":null,"useraccountcontrol":66048,"profilepath":null,"admincount":false,"supportedencryptiontypes":null,"sidhistory":[]},"AllowedToDelegate":[],"PrimaryGroupSID":"S-1-5-21-548670397-972687484-3496335370-513","HasSIDHistory":[],"SPNTargets":[],"UnconstrainedDelegation":false,"DomainSID":"S-1-5-21-548670397-972687484-3496335370","Aces":[{"PrincipalSID":"S-1-5-21-548670397-972687484-3496335370-512","PrincipalType":"Group","RightName":"Owns","IsInherited":false,"InheritanceHash":""},{"PrincipalSID":"SEQUEL.HTB-S-1-5-32-548","PrincipalType":"Group","RightName":"GenericAll","IsInherited":false,"InheritanceHash":""},{"PrincipalSID":"S-1-5-21-548670397-972687484-3496335370-512","PrincipalType":"Group","RightName":"GenericAll","IsInherited":false,"InheritanceHash":""},{"PrincipalSID":"S-1-5-21-548670397-972687484-3496335370-1114","PrincipalType":"User","RightName":"WriteOwner","IsInherited":false,"InheritanceHash":""},{"PrincipalSID":"S-1-5-21-548670397-972687484-3496335370-526","PrincipalType":"Group","RightName":"AddKeyCredentialLink","IsInherited":true,"InheritanceHash":"72082592E26B0179A07B8183F77CF58D0C1320B6"},{"PrincipalSID":"S-1-5-21-548670397-972687484-3496335370-527","PrincipalType":"Group","RightName":"AddKeyCredentialLink","IsInherited":true,"InheritanceHash":"3D3C025072521D8DF78AE2FB481640A11BC413C4"},{"PrincipalSID":"S-1-5-21-548670397-972687484-3496335370-519","PrincipalType":"Group","RightName":"GenericAll","IsInherited":true,"InheritanceHash":"050CB1A345F9C151BB199BA2E3875533F46A63D6"},{"PrincipalSID":"SEQUEL.HTB-S-1-5-32-544","PrincipalType":"Group","RightName":"WriteDacl","IsInherited":true,"InheritanceHash":"62C26D4FB3FF64505B03CDD35D648DFBC6C157CC"},{"PrincipalSID":"SEQUEL.HTB-S-1-5-32-544","PrincipalType":"Group","RightName":"WriteOwner","IsInherited":true,"InheritanceHash":"62C26D4FB3FF64505B03CDD35D648DFBC6C157CC"},{"PrincipalSID":"SEQUEL.HTB-S-1-5-32-544","PrincipalType":"Group","RightName":"AllExtendedRights","IsInherited":true,"InheritanceHash":"62C26D4FB3FF64505B03CDD35D648DFBC6C157CC"},{"PrincipalSID":"SEQUEL.HTB-S-1-5-32-544","PrincipalType":"Group","RightName":"GenericWrite","IsInherited":true,"InheritanceHash":"62C26D4FB3FF64505B03CDD35D648DFBC6C157CC"}],"ObjectIdentifier":"S-1-5-21-548670397-972687484-3496335370-1607","IsDeleted":false,"IsACLProtected":false,"ContainedBy":{"ObjectIdentifier":"A84DA237-44F0-48C1-8E80-67059AFAF147","ObjectType":"Container"}},{"Properties":{"domain":"SEQUEL.HTB","name":"GUEST@SEQUEL.HTB","distinguishedname":"CN=GUEST,CN=USERS,DC=SEQUEL,DC=HTB","domainsid":"S-1-5-21-548670397-972687484-3496335370","samaccountname":"Guest","doesanyacegrantownerrights":false,"doesanyinheritedacegrantownerrights":false,"isaclprotected":false,"description":"Built-in account for guest access to the computer/domain","whencreated":1717864790,"sensitive":false,"dontreqpreauth":false,"passwordnotreqd":true,"unconstraineddelegation":false,"pwdneverexpires":true,"enabled":false,"trustedtoauth":false,"smartcardrequired":false,"encryptedtextpwdallowed":false,"usedeskeyonly":false,"logonscriptenabled":false,"lockedout":false,"passwordcantchange":false,"passwordexpired":false,"lastlogon":0,"lastlogontimestamp":1717931412,"pwdlastset":1735137893,"serviceprincipalnames":[],"hasspn":false,"displayname":null,"email":null,"title":null,"homedirectory":null,"userpassword":null,"unixpassword":null,"unicodepassword":null,"sfupassword":null,"logonscript":null,"useraccountcontrol":66082,"profilepath":null,"admincount":false,"supportedencryptiontypes":null,"sidhistory":[]},"AllowedToDelegate":[],"PrimaryGroupSID":"S-1-5-21-548670397-972687484-3496335370-514","HasSIDHistory":[],"SPNTargets":[],"UnconstrainedDelegation":false,"DomainSID":"S-1-5-21-548670397-972687484-3496335370","Aces":[{"PrincipalSID":"SEQUEL.HTB-S-1-5-32-544","PrincipalType":"Group","RightName":"Owns","IsInherited":false,"InheritanceHash":""},{"PrincipalSID":"SEQUEL.HTB-S-1-5-32-548","PrincipalType":"Group","RightName":"GenericAll","IsInherited":false,"InheritanceHash":""},{"PrincipalSID":"S-1-5-21-548670397-972687484-3496335370-512","PrincipalType":"Group","RightName":"GenericAll","IsInherited":false,"InheritanceHash":""},{"PrincipalSID":"S-1-5-21-548670397-972687484-3496335370-526","PrincipalType":"Group","RightName":"AddKeyCredentialLink","IsInherited":true,"InheritanceHash":"72082592E26B0179A07B8183F77CF58D0C1320B6"},{"PrincipalSID":"S-1-5-21-548670397-972687484-3496335370-527","PrincipalType":"Group","RightName":"AddKeyCredentialLink","IsInherited":true,"InheritanceHash":"3D3C025072521D8DF78AE2FB481640A11BC413C4"},{"PrincipalSID":"S-1-5-21-548670397-972687484-3496335370-519","PrincipalType":"Group","RightName":"GenericAll","IsInherited":true,"InheritanceHash":"050CB1A345F9C151BB199BA2E3875533F46A63D6"},{"PrincipalSID":"SEQUEL.HTB-S-1-5-32-544","PrincipalType":"Group","RightName":"WriteDacl","IsInherited":true,"InheritanceHash":"62C26D4FB3FF64505B03CDD35D648DFBC6C157CC"},{"PrincipalSID":"SEQUEL.HTB-S-1-5-32-544","PrincipalType":"Group","RightName":"WriteOwner","IsInherited":true,"InheritanceHash":"62C26D4FB3FF64505B03CDD35D648DFBC6C157CC"},{"PrincipalSID":"SEQUEL.HTB-S-1-5-32-544","PrincipalType":"Group","RightName":"AllExtendedRights","IsInherited":true,"InheritanceHash":"62C26D4FB3FF64505B03CDD35D648DFBC6C157CC"},{"PrincipalSID":"SEQUEL.HTB-S-1-5-32-544","PrincipalType":"Group","RightName":"GenericWrite","IsInherited":true,"InheritanceHash":"62C26D4FB3FF64505B03CDD35D648DFBC6C157CC"}],"ObjectIdentifier":"S-1-5-21-548670397-972687484-3496335370-501","IsDeleted":false,"IsACLProtected":false,"ContainedBy":{"ObjectIdentifier":"A84DA237-44F0-48C1-8E80-67059AFAF147","ObjectType":"Container"}},{"Properties":{"name":"IUSR@SEQUEL.HTB","domainsid":"S-1-5-21-548670397-972687484-3496335370","domain":"SEQUEL.HTB","reconcile":false},"AllowedToDelegate":[],"PrimaryGroupSID":null,"HasSIDHistory":[],"SPNTargets":[],"UnconstrainedDelegation":false,"DomainSID":null,"Aces":[],"ObjectIdentifier":"SEQUEL.HTB-S-1-5-17","IsDeleted":false,"IsACLProtected":false,"ContainedBy":null}],"meta":{"methods":7107563,"type":"users","count":10,"version":6,"collectorversion":"2.6.5.0"}}