{"data":[{"GPOChanges":{"LocalAdmins":[],"RemoteDesktopUsers":[],"DcomUsers":[],"PSRemoteUsers":[],"AffectedComputers":[]},"Properties":{"domain":"SEQUEL.HTB","name":"DOMAIN CONTROLLERS@SEQUEL.HTB","distinguishedname":"OU=DOMAIN CONTROLLERS,DC=SEQUEL,DC=HTB","domainsid":"S-1-5-21-548670397-972687484-3496335370","doesanyacegrantownerrights":false,"doesanyinheritedacegrantownerrights":false,"isaclprotected":false,"description":"Default container for domain controllers","whencreated":1717864790,"blocksinheritance":false},"Links":[{"IsEnforced":false,"GUID":"EF597EAF-1DBB-4FAB-9FF0-AB35E2915235"}],"ChildObjects":[],"InheritanceHashes":[],"Aces":[{"PrincipalSID":"S-1-5-21-548670397-972687484-3496335370-512","PrincipalType":"Group","RightName":"Owns","IsInherited":false,"InheritanceHash":""},{"PrincipalSID":"S-1-5-21-548670397-972687484-3496335370-512","PrincipalType":"Group","RightName":"WriteDacl","IsInherited":false,"InheritanceHash":""},{"PrincipalSID":"S-1-5-21-548670397-972687484-3496335370-512","PrincipalType":"Group","RightName":"WriteOwner","IsInherited":false,"InheritanceHash":""},{"PrincipalSID":"S-1-5-21-548670397-972687484-3496335370-512","PrincipalType":"Group","RightName":"GenericWrite","IsInherited":false,"InheritanceHash":""},{"PrincipalSID":"S-1-5-21-548670397-972687484-3496335370-519","PrincipalType":"Group","RightName":"GenericAll","IsInherited":true,"InheritanceHash":"050CB1A345F9C151BB199BA2E3875533F46A63D6"},{"PrincipalSID":"SEQUEL.HTB-S-1-5-32-544","PrincipalType":"Group","RightName":"WriteDacl","IsInherited":true,"InheritanceHash":"62C26D4FB3FF64505B03CDD35D648DFBC6C157CC"},{"PrincipalSID":"SEQUEL.HTB-S-1-5-32-544","PrincipalType":"Group","RightName":"WriteOwner","IsInherited":true,"InheritanceHash":"62C26D4FB3FF64505B03CDD35D648DFBC6C157CC"},{"PrincipalSID":"SEQUEL.HTB-S-1-5-32-544","PrincipalType":"Group","RightName":"GenericWrite","IsInherited":true,"InheritanceHash":"62C26D4FB3FF64505B03CDD35D648DFBC6C157CC"}],"ObjectIdentifier":"AD692C6A-3D5C-42FE-9D8E-513977B9811E","IsDeleted":false,"IsACLProtected":false,"ContainedBy":{"ObjectIdentifier":"S-1-5-21-548670397-972687484-3496335370","ObjectType":"Domain"}}],"meta":{"methods":7107563,"type":"ous","count":1,"version":6,"collectorversion":"2.6.5.0"}}