{"data":[{"Properties":{"domain":"SEQUEL.HTB","name":"NTAUTHCERTIFICATES@SEQUEL.HTB","distinguishedname":"CN=NTAUTHCERTIFICATES,CN=PUBLIC KEY SERVICES,CN=SERVICES,CN=CONFIGURATION,DC=SEQUEL,DC=HTB","domainsid":"S-1-5-21-548670397-972687484-3496335370","doesanyacegrantownerrights":false,"doesanyinheritedacegrantownerrights":false,"isaclprotected":false,"certthumbprints":["4C4A178BF30A37D8E21D5C5CE634C8552E5769F9"],"whencreated":1717866040},"DomainSID":"S-1-5-21-548670397-972687484-3496335370","Aces":[{"PrincipalSID":"S-1-5-21-548670397-972687484-3496335370-519","PrincipalType":"Group","RightName":"Owns","IsInherited":false,"InheritanceHash":""},{"PrincipalSID":"SEQUEL.HTB-S-1-5-32-544","PrincipalType":"Group","RightName":"GenericAll","IsInherited":false,"InheritanceHash":""},{"PrincipalSID":"S-1-5-21-548670397-972687484-3496335370-512","PrincipalType":"Group","RightName":"GenericAll","IsInherited":false,"InheritanceHash":""},{"PrincipalSID":"S-1-5-21-548670397-972687484-3496335370-519","PrincipalType":"Group","RightName":"GenericAll","IsInherited":false,"InheritanceHash":""},{"PrincipalSID":"S-1-5-21-548670397-972687484-3496335370-519","PrincipalType":"Group","RightName":"GenericAll","IsInherited":true,"InheritanceHash":"050CB1A345F9C151BB199BA2E3875533F46A63D6"},{"PrincipalSID":"S-1-5-21-548670397-972687484-3496335370-512","PrincipalType":"Group","RightName":"WriteDacl","IsInherited":true,"InheritanceHash":"58585C20C8C0DC1C990184730FE380B7409271BC"},{"PrincipalSID":"S-1-5-21-548670397-972687484-3496335370-512","PrincipalType":"Group","RightName":"WriteOwner","IsInherited":true,"InheritanceHash":"58585C20C8C0DC1C990184730FE380B7409271BC"},{"PrincipalSID":"S-1-5-21-548670397-972687484-3496335370-512","PrincipalType":"Group","RightName":"GenericWrite","IsInherited":true,"InheritanceHash":"58585C20C8C0DC1C990184730FE380B7409271BC"}],"ObjectIdentifier":"3968134C-0918-4117-ACFE-CB97BEBAFF43","IsDeleted":false,"IsACLProtected":false,"ContainedBy":{"ObjectIdentifier":"01EBA666-1570-4195-B78A-8BB3D1092878","ObjectType":"Container"}}],"meta":{"methods":7107563,"type":"ntauthstores","count":1,"version":6,"collectorversion":"2.6.5.0"}}