{"data":[{"Properties":{"domain":"SEQUEL.HTB","name":"SEQUEL-DC01-CA@SEQUEL.HTB","distinguishedname":"CN=SEQUEL-DC01-CA,CN=ENROLLMENT SERVICES,CN=PUBLIC KEY SERVICES,CN=SERVICES,CN=CONFIGURATION,DC=SEQUEL,DC=HTB","domainsid":"S-1-5-21-548670397-972687484-3496335370","doesanyacegrantownerrights":false,"doesanyinheritedacegrantownerrights":false,"isaclprotected":false,"whencreated":1717866040,"flags":"SUPPORTS_NT_AUTHENTICATION, CA_SERVERTYPE_ADVANCED","caname":"sequel-DC01-CA","dnshostname":"DC01.sequel.htb","certthumbprint":"4C4A178BF30A37D8E21D5C5CE634C8552E5769F9","certname":"4C4A178BF30A37D8E21D5C5CE634C8552E5769F9","certchain":["4C4A178BF30A37D8E21D5C5CE634C8552E5769F9"],"hasbasicconstraints":false,"basicconstraintpathlength":0,"unresolvedpublishedtemplates":[]},"HostingComputer":"S-1-5-21-548670397-972687484-3496335370-1000","CARegistryData":null,"EnabledCertTemplates":[{"ObjectIdentifier":"EFC51018-8B50-4B2F-BEEF-8F6AAC430505","ObjectType":"CertTemplate"},{"ObjectIdentifier":"3835580A-D843-4B1B-AF0F-64B597D68386","ObjectType":"CertTemplate"},{"ObjectIdentifier":"53539E48-DE83-4990-AFA0-E70CEBA73358","ObjectType":"CertTemplate"},{"ObjectIdentifier":"DC6BF7FA-1267-4E54-BEA7-844358686F07","ObjectType":"CertTemplate"},{"ObjectIdentifier":"A1ED6448-8E51-48C6-801F-A5C3BD361DD8","ObjectType":"CertTemplate"},{"ObjectIdentifier":"4AE52797-598B-4E04-AAF8-133FB06BC8F4","ObjectType":"CertTemplate"},{"ObjectIdentifier":"47B386F4-06C1-4086-8467-32872202FD65","ObjectType":"CertTemplate"},{"ObjectIdentifier":"2598A24C-FCC2-4410-BF1A-306E03779572","ObjectType":"CertTemplate"},{"ObjectIdentifier":"8E19E9AC-D514-43A5-A3BE-8B0B264ADB6C","ObjectType":"CertTemplate"},{"ObjectIdentifier":"3974AC0D-E066-461A-8C14-EFB2D236F9D4","ObjectType":"CertTemplate"},{"ObjectIdentifier":"0E342F06-DAE0-468F-B75A-3D671396B0EC","ObjectType":"CertTemplate"},{"ObjectIdentifier":"756A9E2B-82F4-4982-B5C3-C0482A113229","ObjectType":"CertTemplate"}],"HttpEnrollmentEndpoints":[{"Result":{"Url":"http://DC01.sequel.htb/certsrv/","Type":"WebEnrollmentApplication","Status":"NotVulnerable_PortInaccessible","ADCSWebEnrollmentHTTP":false,"ADCSWebEnrollmentHTTPS":false,"ADCSWebEnrollmentEPA":false},"Collected":true,"FailureReason":null},{"Result":{"Url":"https://DC01.sequel.htb/certsrv/","Type":"WebEnrollmentApplication","Status":"NotVulnerable_PortInaccessible","ADCSWebEnrollmentHTTP":false,"ADCSWebEnrollmentHTTPS":false,"ADCSWebEnrollmentEPA":false},"Collected":true,"FailureReason":null},{"Result":{"Url":"http://DC01.sequel.htb/sequel-DC01-CA_CES_Kerberos/service.svc","Type":"EnrollmentWebService","Status":"NotVulnerable_PortInaccessible","ADCSWebEnrollmentHTTP":false,"ADCSWebEnrollmentHTTPS":false,"ADCSWebEnrollmentEPA":false},"Collected":true,"FailureReason":null},{"Result":{"Url":"https://DC01.sequel.htb/sequel-DC01-CA_CES_Kerberos/service.svc","Type":"EnrollmentWebService","Status":"NotVulnerable_PortInaccessible","ADCSWebEnrollmentHTTP":false,"ADCSWebEnrollmentHTTPS":false,"ADCSWebEnrollmentEPA":false},"Collected":true,"FailureReason":null}],"Aces":[{"PrincipalSID":"S-1-5-21-548670397-972687484-3496335370-519","PrincipalType":"Group","RightName":"Owns","IsInherited":false,"InheritanceHash":""},{"PrincipalSID":"S-1-5-21-548670397-972687484-3496335370-519","PrincipalType":"Group","RightName":"WriteDacl","IsInherited":false,"InheritanceHash":""},{"PrincipalSID":"S-1-5-21-548670397-972687484-3496335370-519","PrincipalType":"Group","RightName":"WriteOwner","IsInherited":false,"InheritanceHash":""},{"PrincipalSID":"S-1-5-21-548670397-972687484-3496335370-519","PrincipalType":"Group","RightName":"GenericWrite","IsInherited":false,"InheritanceHash":""},{"PrincipalSID":"S-1-5-21-548670397-972687484-3496335370-519","PrincipalType":"Group","RightName":"ManageCA","IsInherited":false,"InheritanceHash":""},{"PrincipalSID":"S-1-5-21-548670397-972687484-3496335370-519","PrincipalType":"Group","RightName":"ManageCertificates","IsInherited":false,"InheritanceHash":""},{"PrincipalSID":"S-1-5-21-548670397-972687484-3496335370-1000","PrincipalType":"Computer","RightName":"WriteDacl","IsInherited":false,"InheritanceHash":""},{"PrincipalSID":"S-1-5-21-548670397-972687484-3496335370-1000","PrincipalType":"Computer","RightName":"WriteOwner","IsInherited":false,"InheritanceHash":""},{"PrincipalSID":"S-1-5-21-548670397-972687484-3496335370-1000","PrincipalType":"Computer","RightName":"GenericWrite","IsInherited":false,"InheritanceHash":""},{"PrincipalSID":"S-1-5-21-548670397-972687484-3496335370-1000","PrincipalType":"Computer","RightName":"ManageCA","IsInherited":false,"InheritanceHash":""},{"PrincipalSID":"S-1-5-21-548670397-972687484-3496335370-1000","PrincipalType":"Computer","RightName":"ManageCertificates","IsInherited":false,"InheritanceHash":""},{"PrincipalSID":"SEQUEL.HTB-S-1-5-11","PrincipalType":"Group","RightName":"Enroll","IsInherited":false,"InheritanceHash":""},{"PrincipalSID":"S-1-5-21-548670397-972687484-3496335370-519","PrincipalType":"Group","RightName":"GenericAll","IsInherited":true,"InheritanceHash":"050CB1A345F9C151BB199BA2E3875533F46A63D6"},{"PrincipalSID":"S-1-5-21-548670397-972687484-3496335370-512","PrincipalType":"Group","RightName":"WriteDacl","IsInherited":true,"InheritanceHash":"58585C20C8C0DC1C990184730FE380B7409271BC"},{"PrincipalSID":"S-1-5-21-548670397-972687484-3496335370-512","PrincipalType":"Group","RightName":"WriteOwner","IsInherited":true,"InheritanceHash":"58585C20C8C0DC1C990184730FE380B7409271BC"},{"PrincipalSID":"S-1-5-21-548670397-972687484-3496335370-512","PrincipalType":"Group","RightName":"GenericWrite","IsInherited":true,"InheritanceHash":"58585C20C8C0DC1C990184730FE380B7409271BC"},{"PrincipalSID":"S-1-5-21-548670397-972687484-3496335370-512","PrincipalType":"Group","RightName":"ManageCA","IsInherited":true,"InheritanceHash":"58585C20C8C0DC1C990184730FE380B7409271BC"}],"ObjectIdentifier":"89711EA6-77BE-4CD8-BD4A-A8BD88E96400","IsDeleted":false,"IsACLProtected":false,"ContainedBy":{"ObjectIdentifier":"AAD3E65F-908B-45CC-98FB-85159820B2CF","ObjectType":"Container"}}],"meta":{"methods":7107563,"type":"enterprisecas","count":1,"version":6,"collectorversion":"2.6.5.0"}}