{"data":[{"Properties":{"domain":"SEQUEL.HTB","name":"DC01.SEQUEL.HTB","distinguishedname":"CN=DC01,OU=DOMAIN CONTROLLERS,DC=SEQUEL,DC=HTB","domainsid":"S-1-5-21-548670397-972687484-3496335370","samaccountname":"DC01$","haslaps":false,"doesanyacegrantownerrights":false,"doesanyinheritedacegrantownerrights":false,"isaclprotected":false,"whencreated":1717864823,"enabled":true,"unconstraineddelegation":true,"trustedtoauth":false,"isdc":true,"encryptedtextpwdallowed":false,"usedeskeyonly":false,"logonscriptenabled":false,"lockedout":false,"passwordexpired":false,"supportedencryptiontypes":["RC4-HMAC-MD5","AES128-CTS-HMAC-SHA1-96","AES256-CTS-HMAC-SHA1-96"],"lastlogon":1745337450,"lastlogontimestamp":1745333881,"pwdlastset":1735042887,"serviceprincipalnames":["Dfsr-12F9A27C-BF97-4787-9364-D31B6C55EB04/DC01.sequel.htb","ldap/DC01.sequel.htb/ForestDnsZones.sequel.htb","ldap/DC01.sequel.htb/DomainDnsZones.sequel.htb","DNS/DC01.sequel.htb","GC/DC01.sequel.htb/sequel.htb","RestrictedKrbHost/DC01.sequel.htb","RestrictedKrbHost/DC01","RPC/0ddc47e2-c21f-47c7-b49d-52156f64a4d7._msdcs.sequel.htb","HOST/DC01/SEQUEL","HOST/DC01.sequel.htb/SEQUEL","HOST/DC01","HOST/DC01.sequel.htb","HOST/DC01.sequel.htb/sequel.htb","E3514235-4B06-11D1-AB04-00C04FC2DCD2/0ddc47e2-c21f-47c7-b49d-52156f64a4d7/sequel.htb","ldap/DC01/SEQUEL","ldap/0ddc47e2-c21f-47c7-b49d-52156f64a4d7._msdcs.sequel.htb","ldap/DC01.sequel.htb/SEQUEL","ldap/DC01","ldap/DC01.sequel.htb","ldap/DC01.sequel.htb/sequel.htb"],"email":null,"useraccountcontrol":532480,"operatingsystem":"Windows Server 2019 Standard","sidhistory":[],"ldapavailable":true,"ldapsavailable":true,"ldapsepa":false,"ldapsigning":false},"PrimaryGroupSID":"S-1-5-21-548670397-972687484-3496335370-516","AllowedToDelegate":[],"AllowedToAct":[],"HasSIDHistory":[],"DumpSMSAPassword":[],"Sessions":{"Results":[],"Collected":true,"FailureReason":null},"PrivilegedSessions":{"Results":[],"Collected":false,"FailureReason":null},"RegistrySessions":{"Results":[],"Collected":false,"FailureReason":null},"LocalGroups":[{"ObjectIdentifier":"SEQUEL.HTB-S-1-5-32-549","Name":"IGNOREME","Results":[],"LocalNames":[],"Collected":true,"FailureReason":null},{"ObjectIdentifier":"SEQUEL.HTB-S-1-5-32-548","Name":"IGNOREME","Results":[],"LocalNames":[],"Collected":true,"FailureReason":null},{"ObjectIdentifier":"SEQUEL.HTB-S-1-5-32-554","Name":"IGNOREME","Results":[{"ObjectIdentifier":"SEQUEL.HTB-S-1-5-11","ObjectType":"Group"},{"ObjectIdentifier":"S-1-5-21-548670397-972687484-3496335370-1000","ObjectType":"Computer"}],"LocalNames":[],"Collected":true,"FailureReason":null},{"ObjectIdentifier":"SEQUEL.HTB-S-1-5-32-557","Name":"IGNOREME","Results":[],"LocalNames":[],"Collected":true,"FailureReason":null},{"ObjectIdentifier":"SEQUEL.HTB-S-1-5-32-560","Name":"IGNOREME","Results":[{"ObjectIdentifier":"SEQUEL.HTB-S-1-5-9","ObjectType":"Group"}],"LocalNames":[],"Collected":true,"FailureReason":null},{"ObjectIdentifier":"SEQUEL.HTB-S-1-5-32-561","Name":"IGNOREME","Results":[],"LocalNames":[],"Collected":true,"FailureReason":null},{"ObjectIdentifier":"SEQUEL.HTB-S-1-5-32-544","Name":"IGNOREME","Results":[{"ObjectIdentifier":"S-1-5-21-548670397-972687484-3496335370-500","ObjectType":"User"},{"ObjectIdentifier":"S-1-5-21-548670397-972687484-3496335370-519","ObjectType":"Group"},{"ObjectIdentifier":"S-1-5-21-548670397-972687484-3496335370-512","ObjectType":"Group"}],"LocalNames":[],"Collected":true,"FailureReason":null},{"ObjectIdentifier":"SEQUEL.HTB-S-1-5-32-545","Name":"IGNOREME","Results":[{"ObjectIdentifier":"SEQUEL.HTB-S-1-5-11","ObjectType":"Group"},{"ObjectIdentifier":"S-1-5-21-548670397-972687484-3496335370-513","ObjectType":"Group"}],"LocalNames":[],"Collected":true,"FailureReason":null},{"ObjectIdentifier":"SEQUEL.HTB-S-1-5-32-546","Name":"IGNOREME","Results":[{"ObjectIdentifier":"S-1-5-21-548670397-972687484-3496335370-501","ObjectType":"User"},{"ObjectIdentifier":"S-1-5-21-548670397-972687484-3496335370-514","ObjectType":"Group"}],"LocalNames":[],"Collected":true,"FailureReason":null},{"ObjectIdentifier":"SEQUEL.HTB-S-1-5-32-550","Name":"IGNOREME","Results":[],"LocalNames":[],"Collected":true,"FailureReason":null},{"ObjectIdentifier":"SEQUEL.HTB-S-1-5-32-551","Name":"IGNOREME","Results":[],"LocalNames":[],"Collected":true,"FailureReason":null},{"ObjectIdentifier":"SEQUEL.HTB-S-1-5-32-552","Name":"IGNOREME","Results":[],"LocalNames":[],"Collected":true,"FailureReason":null},{"ObjectIdentifier":"SEQUEL.HTB-S-1-5-32-555","Name":"IGNOREME","Results":[],"LocalNames":[],"Collected":true,"FailureReason":null},{"ObjectIdentifier":"SEQUEL.HTB-S-1-5-32-556","Name":"IGNOREME","Results":[],"LocalNames":[],"Collected":true,"FailureReason":null},{"ObjectIdentifier":"SEQUEL.HTB-S-1-5-32-558","Name":"IGNOREME","Results":[],"LocalNames":[],"Collected":true,"FailureReason":null},{"ObjectIdentifier":"SEQUEL.HTB-S-1-5-32-559","Name":"IGNOREME","Results":[],"LocalNames":[],"Collected":true,"FailureReason":null},{"ObjectIdentifier":"SEQUEL.HTB-S-1-5-32-562","Name":"IGNOREME","Results":[],"LocalNames":[],"Collected":true,"FailureReason":null},{"ObjectIdentifier":"SEQUEL.HTB-S-1-5-32-568","Name":"IGNOREME","Results":[{"ObjectIdentifier":"SEQUEL.HTB-S-1-5-17","ObjectType":"User"}],"LocalNames":[],"Collected":true,"FailureReason":null},{"ObjectIdentifier":"SEQUEL.HTB-S-1-5-32-569","Name":"IGNOREME","Results":[],"LocalNames":[],"Collected":true,"FailureReason":null},{"ObjectIdentifier":"SEQUEL.HTB-S-1-5-32-573","Name":"IGNOREME","Results":[],"LocalNames":[],"Collected":true,"FailureReason":null},{"ObjectIdentifier":"SEQUEL.HTB-S-1-5-32-574","Name":"IGNOREME","Results":[{"ObjectIdentifier":"SEQUEL.HTB-S-1-5-11","ObjectType":"Group"}],"LocalNames":[],"Collected":true,"FailureReason":null},{"ObjectIdentifier":"SEQUEL.HTB-S-1-5-32-575","Name":"IGNOREME","Results":[],"LocalNames":[],"Collected":true,"FailureReason":null},{"ObjectIdentifier":"SEQUEL.HTB-S-1-5-32-576","Name":"IGNOREME","Results":[],"LocalNames":[],"Collected":true,"FailureReason":null},{"ObjectIdentifier":"SEQUEL.HTB-S-1-5-32-577","Name":"IGNOREME","Results":[],"LocalNames":[],"Collected":true,"FailureReason":null},{"ObjectIdentifier":"SEQUEL.HTB-S-1-5-32-578","Name":"IGNOREME","Results":[],"LocalNames":[],"Collected":true,"FailureReason":null},{"ObjectIdentifier":"SEQUEL.HTB-S-1-5-32-579","Name":"IGNOREME","Results":[],"LocalNames":[],"Collected":true,"FailureReason":null},{"ObjectIdentifier":"SEQUEL.HTB-S-1-5-32-580","Name":"IGNOREME","Results":[{"ObjectIdentifier":"S-1-5-21-548670397-972687484-3496335370-1114","ObjectType":"User"}],"LocalNames":[],"Collected":true,"FailureReason":null},{"ObjectIdentifier":"SEQUEL.HTB-S-1-5-32-582","Name":"IGNOREME","Results":[],"LocalNames":[],"Collected":true,"FailureReason":null}],"UserRights":[],"DCRegistryData":{"CertificateMappingMethods":null,"StrongCertificateBindingEnforcement":null},"Status":null,"IsDC":true,"UnconstrainedDelegation":true,"DomainSID":"S-1-5-21-548670397-972687484-3496335370","IsWebClientRunning":{"Result":false,"Collected":true,"FailureReason":null},"SmbInfo":{"Result":{"SigningEnabled":true},"Collected":true,"FailureReason":null},"NtlmSessions":null,"NTLMRegistryData":null,"Aces":[{"PrincipalSID":"S-1-5-21-548670397-972687484-3496335370-512","PrincipalType":"Group","RightName":"Owns","IsInherited":false,"InheritanceHash":""},{"PrincipalSID":"S-1-5-21-548670397-972687484-3496335370-512","PrincipalType":"Group","RightName":"GenericAll","IsInherited":false,"InheritanceHash":""},{"PrincipalSID":"S-1-5-21-548670397-972687484-3496335370-512","PrincipalType":"Group","RightName":"WriteAccountRestrictions","IsInherited":false,"InheritanceHash":""},{"PrincipalSID":"S-1-5-21-548670397-972687484-3496335370-526","PrincipalType":"Group","RightName":"AddKeyCredentialLink","IsInherited":true,"InheritanceHash":"72082592E26B0179A07B8183F77CF58D0C1320B6"},{"PrincipalSID":"S-1-5-21-548670397-972687484-3496335370-527","PrincipalType":"Group","RightName":"AddKeyCredentialLink","IsInherited":true,"InheritanceHash":"3D3C025072521D8DF78AE2FB481640A11BC413C4"},{"PrincipalSID":"S-1-5-21-548670397-972687484-3496335370-519","PrincipalType":"Group","RightName":"GenericAll","IsInherited":true,"InheritanceHash":"050CB1A345F9C151BB199BA2E3875533F46A63D6"},{"PrincipalSID":"SEQUEL.HTB-S-1-5-32-544","PrincipalType":"Group","RightName":"WriteDacl","IsInherited":true,"InheritanceHash":"62C26D4FB3FF64505B03CDD35D648DFBC6C157CC"},{"PrincipalSID":"SEQUEL.HTB-S-1-5-32-544","PrincipalType":"Group","RightName":"WriteOwner","IsInherited":true,"InheritanceHash":"62C26D4FB3FF64505B03CDD35D648DFBC6C157CC"},{"PrincipalSID":"SEQUEL.HTB-S-1-5-32-544","PrincipalType":"Group","RightName":"GenericWrite","IsInherited":true,"InheritanceHash":"62C26D4FB3FF64505B03CDD35D648DFBC6C157CC"}],"ObjectIdentifier":"S-1-5-21-548670397-972687484-3496335370-1000","IsDeleted":false,"IsACLProtected":false,"ContainedBy":{"ObjectIdentifier":"AD692C6A-3D5C-42FE-9D8E-513977B9811E","ObjectType":"OU"}}],"meta":{"methods":7107563,"type":"computers","count":1,"version":6,"collectorversion":"2.6.5.0"}}